{
  "threshold": 0.25,
  "features": 25,
  "accuracy": 0.9994833333333333,
  "f1": 0.9994833247220787
}